Model,Test_MAE,Improvement_over_Baseline
Decision Tree,4.231861333384228,71.78759111077181
Random Forest,3.754937719587263,74.96708186941825
Gradient Boosting,3.8461442597494955,74.35903826833669
SVR,3.800462742004504,74.66358171996997
Neural Network,4.28592582851866,71.42716114320893
